jaden1914@schneider.info,Madisyn Ebert,764.694.7592
gunner_schimmel@lueilwitz.com,Nicholaus Stanton III,957.416.8677
yoshiko_ward@goldner.net,Braden Lehner,381-444-2690
clare2065@hammes.net,Lucienne Stracke,883-441-0908
rusty2059@bauch.com,Ms. Florine Haley,6173556815
freddy_kuhn@cole.com,Estefania Conn Jr.,(479) 852-9909
kariane1972@cormier.info,Wayne Von,385-933-0931
kian.lueilwitz@schaden.name,Kiel Emard,(314) 278-5569
luz.hodkiewicz@rice.org,Avis Graham,669/406-5726
darrion.treutel@prosacco.biz,Annamarie Emard,2698481159
geovanni2068@schaden.info,Edmond Skiles,349/792-9127
franco2094@nikolaus.biz,Maryjane Hettinger,8135580984
aurelio.dooley@carter.info,Stefanie Reynolds,3104158636
lindsay_stoltenberg@witting.net,Mariana Howe,(535) 223-3167
carlos1916@bruen.biz,Justina Turcotte,242.954.4581
shyanne2023@predovic.com,Dariana Tremblay,7347329093
adolfo2006@keeling.name,Greg Harvey Jr.,649/938-8259
wyman.goyette@boyer.name,Austen Swaniawski Jr.,755.475.4805
jamal2071@hane.com,Dr. Yoshiko Collins PhD,407/363-3063
angus.heathcote@raynor.biz,Delbert Rosenbaum,368/755-0214
marcelo2026@schinner.name,Mr. Lavern Maggio I,778.842.0471
kiarra2088@cruickshank.org,Sedrick Hessel,(305) 525-1258
philip_lubowitz@wiegand.net,Krystal Jacobi,985.547.1780
frederic2040@champlin.org,Mrs. Hilario O'Connell I,879/675-5682
patrick_maggio@tillman.com,Idella Feeney,284/208-3725
shawna1988@crona.name,Zetta Wolff,8499571364
mason2047@wilderman.com,Elfrieda Grady,940.491.0314
tianna1925@runolfsdottir.org,Horacio Stamm,754.415.9855
polly2042@grady.net,Ms. Noelia Stark,979/983-8146
marty1937@collins.net,Malvina Wilkinson,555/962-7043
cordell_mcdermott@hahn.info,Mr. Otis Bergnaum,752-717-4313
nia.donnelly@rohan.com,Floy Swaniawski,636/862-3124
austyn2041@braun.org,Holly Schoen III,(619) 564-5754
chasity.jakubowski@ryan.net,Mrs. Cecilia McKenzie,878-534-6454
alexane2063@grady.name,Marvin Jacobson,278-422-2816
olga1912@jakubowski.org,Miss Alfredo Gleichner DDS,412.782.1872
deangelo2054@ullrich.net,Lesly Weimann,463-267-0420
wayne_dibbert@connelly.com,Germaine Mosciski,(852) 828-4450
nick1921@kling.name,Nikko D'Amore,916-255-0191
wellington_jaskolski@bednar.org,Meggie Johnston,450/966-4360
angelica2098@pagac.com,Lilliana Spinka,659/551-8371
magali.marvin@tillman.name,Savanah Spinka IV,5398198698
maryse_pouros@braun.name,Chanelle Quigley,740/398-2884
katrina1945@bartoletti.biz,Carmine Wolff PhD,2117483876
nikki1954@dach.org,Camryn Olson,370/282-2501
efren.champlin@ortiz.info,Caroline Kulas,388/346-2518
dennis2032@fadel.com,Gene Klein,(519) 715-5660
deshaun.batz@doyle.info,Antonio Wunsch,775.743.7603
mustafa1976@harris.name,Toney Hintz,273-901-4891
daryl2008@terry.net,Clementina King,261-874-7534
